{"cameraMode":{"drawMode":0,"name":"Shaded","section":"Shading Mode"},"sceneLighting":false,"audioPlay":false,"sceneViewState":{"showFog":true,"showMaterialUpdate":false,"showSkybox":false,"showFlares":true,"showImageEffects":true,"showParticleSystems":true,"showVisualEffectGraphs":true,"m_FxEnabled":true},"in2DMode":false,"pivot":{"x":13.816366195678711,"y":41.02409744262695,"z":71.40818786621094},"rotation":{"x":-0.008816830813884735,"y":-0.9692744612693787,"z":0.24432972073554994,"w":-0.03842563182115555},"size":14.613463401794434,"orthographic":false}