{"cameraMode":{"drawMode":0,"name":"Shaded","section":"Shading Mode"},"sceneLighting":true,"audioPlay":false,"sceneViewState":{"showFog":true,"showMaterialUpdate":false,"showSkybox":false,"showFlares":true,"showImageEffects":true,"showParticleSystems":true,"showVisualEffectGraphs":true,"m_FxEnabled":true},"in2DMode":false,"pivot":{"x":-14.489999771118164,"y":18.53499984741211,"z":71.99000549316406},"rotation":{"x":0.10556384176015854,"y":-0.050693146884441379,"z":0.005390577018260956,"w":0.9931139945983887},"size":8.733966827392579,"orthographic":false}