{"cameraMode":{"drawMode":0,"name":"Shaded","section":"Shading Mode"},"sceneLighting":false,"audioPlay":false,"sceneViewState":{"showFog":true,"showMaterialUpdate":false,"showSkybox":false,"showFlares":true,"showImageEffects":true,"showParticleSystems":true,"showVisualEffectGraphs":true,"m_FxEnabled":true},"in2DMode":false,"pivot":{"x":13.910717010498047,"y":4.958062171936035,"z":41.161495208740237},"rotation":{"x":-0.33241498470306399,"y":0.16553258895874024,"z":-0.05926863104104996,"w":-0.9266828894615173},"size":34.962127685546878,"orthographic":false}