{"cameraMode":{"drawMode":0,"name":"Shaded","section":"Shading Mode"},"sceneLighting":false,"audioPlay":false,"sceneViewState":{"showFog":true,"showMaterialUpdate":false,"showSkybox":false,"showFlares":true,"showImageEffects":true,"showParticleSystems":true,"showVisualEffectGraphs":true,"m_FxEnabled":true},"in2DMode":false,"pivot":{"x":0.4000000059604645,"y":-0.5419999957084656,"z":-0.6000000238418579},"rotation":{"x":-0.16465376317501069,"y":0.08878504484891892,"z":-0.013631369918584824,"w":-0.9827172756195068},"size":0.10392305254936218,"orthographic":false}