{"cameraMode":{"drawMode":0,"name":"Shaded","section":"Shading Mode"},"sceneLighting":true,"audioPlay":false,"sceneViewState":{"showFog":true,"showMaterialUpdate":false,"showSkybox":true,"showFlares":true,"showImageEffects":true,"showParticleSystems":true,"showVisualEffectGraphs":true,"m_FxEnabled":true},"in2DMode":false,"pivot":{"x":3.413907051086426,"y":8.797942161560059,"z":47.277069091796878},"rotation":{"x":-0.19023087620735169,"y":-0.009100646711885929,"z":0.0017987797036767007,"w":-0.9817351698875427},"size":39.25640869140625,"orthographic":false}